,NIG,Int_WZ,Int_ZB,Int_TW,FWHM_x_WZ,FWHM_x_ZB,FWHM_x_TW,FWHM_y_WZ,FWHM_y_ZB,FWHM_y_TW,max_pos_x_WZ,max_pos_x_ZB,max_pos_x_TW,max_pos_y_WZ,max_pos_y_ZB,max_pos_y_TW,name,COM_x_WZ,COM_x_ZB,COM_x_TW,COM_y_WZ,COM_y_ZB,COM_y_TW,Monitor
13.0,0.000283,5.42408093914118,3.083565029348162,59.041319122644424,4.997660321560122,8.608852767525889,-2.8053077934076236,1.0734858407332848,8.81487551014013,26.645547072241705,26,36,12,36,39,38,./pilatus/InAs0799/InAs0799time4/InAs0799time4_1_0.tif,43.93482934886304,42.48594900566047,37.647117534177404,28.994418419216586,38.272629364324,12.519428569186113,12948.0
14.0,0.000283,5.385331590983339,3.0538222803005555,59.26298595230317,5.055042973525256,8.729788368340014,-2.824470850805759,153.0943834511219,8.09924470890133,7.563672434731479,26,38,12,36,42,38,./pilatus/InAs0799/InAs0799time4/InAs0799time4_1_1.tif,43.85180017592284,42.6631274905726,37.657741835902186,28.98666929539871,38.1634083068118,12.525290236157968,12244.0
16.0,1.0,5.388820989163204,3.098997800048888,59.19384013688585,4.925290727522226,9.446228219686933,-2.811968122969227,6.379405006671057,8.43858392003503,11.484083420747394,26,37,12,36,38,38,./pilatus/InAs0799/InAs0799time4/InAs0799time4_1_2.tif,43.83395073861832,42.533522637640004,37.65611587835141,28.947669232048625,38.21228374612189,12.523875201999763,12273.0
22.0,0.000286,5.433504719515002,3.0731332975212955,59.16568183562275,5.032916878831032,9.250464893215419,-2.814040521329361,11.040079221776764,8.59145839421789,28.080108975786423,26,38,12,36,41,38,./pilatus/InAs0799/InAs0799time4/InAs0799time4_1_3.tif,43.90561267724987,42.53193827098836,37.68453075793657,28.92455228518163,38.22801278529691,12.529228729889441,13031.0
23.0,0.000285,5.41633281972265,3.059784283513097,59.40130970724191,5.0344379271116955,9.18497977011826,-2.8088595476223475,-0.11989137049056635,8.861338277417778,25.312546262251878,26,38,12,36,41,38,./pilatus/InAs0799/InAs0799time4/InAs0799time4_1_4.tif,43.885383477469276,42.77913183603585,37.65054362416978,28.997994424214838,38.270369624332766,12.522665165642278,12980.0
24.0,1.0,5.439585175657207,3.0586059972666613,59.454698930782214,5.078402480073159,9.285146645363405,-2.8201212469249164,3.0854101325121426,8.530777106586472,15.174555834832072,26,37,12,36,40,38,./pilatus/InAs0799/InAs0799time4/InAs0799time4_1_5.tif,43.89095960864874,42.58547547705409,37.63017860692279,28.922306134815187,38.1395941754718,12.527398158627394,12439.0
30.0,0.000285,5.40995870022598,3.0821320034286606,59.373879841034835,5.031768013420946,9.252867009555043,-2.8088837853416617,0.42214185781112146,10.01315149066445,16.791331966498294,26,35,12,36,38,38,./pilatus/InAs0799/InAs0799time4/InAs0799time4_1_6.tif,43.782329386685106,42.50544838571031,37.601291431796255,28.952380952380953,38.21141253507951,12.524602169447926,12833.0
31.0,0.000283,5.445387226164764,3.0536099969145325,59.478324591175564,4.950920301583916,9.395851438020772,-2.81372792382455,1.6150852480989037,8.67398878353966,21.57755226117141,26,38,12,36,39,38,./pilatus/InAs0799/InAs0799time4/InAs0799time4_1_7.tif,43.93532028217695,42.676055270669664,37.67639548320077,28.935008640960987,38.29686513249299,12.522422533676922,12964.0
32.0,0.000283,5.498054474708171,3.0912411657269914,59.667910744064166,5.002574986870544,8.333225962396035,-2.8212837391339853,4.484895627285841,8.11904409333126,27.648527833666908,26,36,12,36,38,38,./pilatus/InAs0799/InAs0799time4/InAs0799time4_1_8.tif,43.898016956251716,42.36880908343609,37.663898493208656,29.012320002310904,38.21778668310728,12.52399527281148,12593.0
33.0,1.0,5.4690046050301095,3.1091037902940135,59.94394261424017,5.022112579789277,9.340468779297366,-2.8154746542560796,11.3110662765491,7.692051935845583,12.731627395370628,26,35,12,37,38,38,./pilatus/InAs0799/InAs0799time4/InAs0799time4_1_9.tif,43.75317378068528,42.67494588128062,37.63214982707601,28.832437334024224,38.14005354904865,12.527893134304545,11292.0
39.0,0.000283,5.471153846153846,3.065003178639542,59.72687539732994,5.01069781656652,8.6594724170882,-2.820465416584729,-0.3368152300836723,8.184861120388046,22.399669835017818,26,37,12,36,40,38,./pilatus/InAs0799/InAs0799time4/InAs0799time4_1_10.tif,43.8620749756714,42.53440497796215,37.598625870306535,28.95324550828625,38.2919626652839,12.523155176336443,12584.0
40.0,0.000283,5.443952802359882,3.071615863651262,59.70575221238938,5.027597331983509,9.81259912063584,-2.822970033334325,13.068709969691927,8.683408185102092,26.04214138115883,26,36,12,36,38,38,./pilatus/InAs0799/InAs0799time4/InAs0799time4_1_11.tif,43.7112947409615,42.53422611108147,37.59768009013942,28.927104970047264,38.294589980259296,12.519884059403086,12204.0
41.0,0.000283,5.4268135756795886,3.0912819687952386,59.779556055975554,4.982272702418306,9.033090877884145,-2.821473357972281,3.050934368002511,8.463404363715243,23.85307018855508,26,37,12,36,40,38,./pilatus/InAs0799/InAs0799time4/InAs0799time4_1_12.tif,43.69644471449531,42.65645081562037,37.637178309132665,28.923707337314937,38.212503577282305,12.521861323639612,12434.0
42.0,1.0,5.451463036922324,3.0536311027793626,59.79109951911321,4.994463346343752,9.909428770848892,-2.8106025313652543,3.972318145739377,8.940664727401591,42.285673079812554,26,36,13,36,39,38,./pilatus/InAs0799/InAs0799time4/InAs0799time4_1_13.tif,43.77330901261886,42.3721073001468,37.6923635828277,28.972713952514802,38.348325103429865,12.530920407809951,12269.0
48.0,0.000283,5.455994846606007,3.0822127385457767,59.97471616072148,5.0322918164899555,8.188545838408873,-2.819810247664034,22.202700235258476,9.281282135685805,15.73871730975597,26,38,12,36,41,38,./pilatus/InAs0799/InAs0799time4/InAs0799time4_1_14.tif,43.749904070368075,42.4243429646272,37.58290392655466,28.848770624870863,38.463869585662785,12.51978985695988,12419.0
49.0,0.000283,5.486722025815999,3.0910959467236703,60.0243361012908,5.029743989700974,8.919012317357273,-2.819996469374301,-0.5287469659715713,8.2589209391193,1.7449652961535762,26,36,12,36,38,38,./pilatus/InAs0799/InAs0799time4/InAs0799time4_1_15.tif,43.72951224994381,42.53267547942655,37.5920150778823,28.9319697310257,38.1442934276671,12.520686887392545,12163.0
50.0,1.0,5.474991932881575,3.0608260729267505,59.932397547596,5.08346451412896,9.734199012213098,-2.829732221747845,0.998544410550274,7.886034287972806,25.587119432202332,26,37,12,36,41,38,./pilatus/InAs0799/InAs0799time4/InAs0799time4_1_16.tif,43.70398420463252,42.3913604976016,37.588711870155954,28.932869688218307,38.51676242686205,12.522410158805366,12396.0
56.0,0.000283,5.478061107282334,3.0798682900681524,59.79041274217015,5.188139779250165,8.8572596114449,-2.829631828684027,0.33962241442056346,8.797290814285507,11.927563881550375,26,36,12,36,40,38,./pilatus/InAs0799/InAs0799time4/InAs0799time4_1_17.tif,43.81453213676647,42.71014420686226,37.68576068483343,28.826707484134307,38.374714072600696,12.527878350877238,13059.0
57.0,0.000282,5.482491186839013,3.0844496670583625,59.87418723070897,4.998517281967901,9.20153589586273,-2.808932618471722,-0.4182499103064099,7.886652215775713,12.17161996355917,26,36,12,36,39,38,./pilatus/InAs0799/InAs0799time4/InAs0799time4_1_18.tif,43.779706790123456,42.531150788611484,37.62876720214996,28.94858824874257,38.18530465039494,12.518444472938425,12765.0
58.0,0.000283,5.443576388888889,3.0796243686868685,59.971511994949495,5.014504786345049,9.097007643950693,-2.802322302412652,3.801544915862714,8.11881312623826,23.576903478086162,26,37,12,36,40,38,./pilatus/InAs0799/InAs0799time4/InAs0799time4_1_19.tif,43.80642495759702,42.59428571428571,37.61215539259355,28.908815470926776,38.19825752722614,12.526582355100736,12672.0
59.0,1.0,5.497910925415592,3.071117432660681,60.10738732331763,5.095928302777254,8.699787481208297,-2.818483631234149,0.5754030675982348,8.53078055075739,18.489709057303635,26,37,12,36,39,38,./pilatus/InAs0799/InAs0799time4/InAs0799time4_1_20.tif,43.54989813407496,42.457637421483774,37.64073989718227,28.88917634123468,38.391061452513966,12.522285061850365,11249.0
65.0,0.00029,5.4985260138634375,3.0984782089076566,60.30204764560593,5.077204488238719,9.34963573083943,-2.8231903684807573,11.421839286338509,7.923509581123331,19.928622276198624,26,38,12,38,39,38,./pilatus/InAs0799/InAs0799time4/InAs0799time4_1_21.tif,43.72288877296702,42.642701020854226,37.59312334924576,28.946878803686314,38.36179896628867,12.527687748315058,12551.0
66.0,0.000288,5.454442831801322,3.077810030640219,60.09700048379294,5.038908789355899,9.047173851555675,-2.816833639444737,-0.956155983029495,8.771919636224114,17.117938330101165,26,37,12,36,39,38,./pilatus/InAs0799/InAs0799time4/InAs0799time4_1_22.tif,43.5956154096325,42.54978910691363,37.677904747337735,28.96636903881974,38.24814649865081,12.52195088572337,12402.0
67.0,0.000288,5.486321446018564,3.0876893014167073,60.15005699397492,4.925663097628784,9.555226783801125,-2.822394331010514,4.6156687620188785,9.25560139945667,30.560306916631692,26,36,12,36,40,38,./pilatus/InAs0799/InAs0799time4/InAs0799time4_1_23.tif,43.73349361114821,42.56037233341244,37.62735951854654,29.042206491251502,38.33515280964059,12.521474410602588,12282.0
68.0,1.0,5.5506391347099315,3.0643231727302522,60.230088495575224,4.9570402183549644,8.81017076699746,-2.8158554458418092,4.536506868806326,8.99291762883652,16.69082143689629,26,37,12,36,39,38,./pilatus/InAs0799/InAs0799time4/InAs0799time4_1_24.tif,43.79949808089755,42.67834318260823,37.64610066281386,28.896457041629763,38.407144958151726,12.520941489535378,12204.0
74.0,0.000291,5.549276636559827,3.072336344017265,60.30645032371513,4.960447227570092,9.209073951705617,-2.8290733498445886,13.496873429194261,9.50052735756155,24.821930295357603,26,36,12,36,38,38,./pilatus/InAs0799/InAs0799time4/InAs0799time4_1_25.tif,43.65630086277673,42.577163223893024,37.623912184855016,28.86915753237213,38.1955876996722,12.52672784674232,12511.0
75.0,0.000292,5.514309572610643,3.0661200941319366,60.11849996204357,5.075773914639033,8.455122355986383,-2.8207550038936913,2.6086343347078156,9.138685910642492,18.972735372994638,26,38,12,36,41,38,./pilatus/InAs0799/InAs0799time4/InAs0799time4_1_26.tif,43.74150605726872,42.2963109680614,37.63140814782919,28.812348568281937,38.35736568457539,12.520862033914142,13173.0
76.0,1.0,5.538958449637132,3.1141239333280164,60.42467501395645,5.017036567625995,8.178007706087824,-2.812391226842274,0.8817684861890805,8.204253285577812,31.60360083325531,26,37,12,38,40,38,./pilatus/InAs0799/InAs0799time4/InAs0799time4_1_27.tif,43.662779145609264,42.473366113501335,37.64087822454515,28.916231120325975,38.34311616472034,12.526744669477935,12539.0
82.0,0.00029,5.533988150919863,3.076161521671344,60.39803554724041,5.010585604336597,8.758571012115747,-2.825349470056809,0.7292067297387334,7.537925440235824,7.190210938994757,26,38,12,36,40,38,./pilatus/InAs0799/InAs0799time4/InAs0799time4_1_28.tif,43.78881532610227,42.630065127594335,37.69543202897316,28.956557261586138,38.21532652492334,12.523291592775296,12828.0
83.0,0.000291,5.534469343292873,3.045907251789605,60.31403672580143,5.082254162299172,8.656573613059265,-2.8005803540634795,0.8962866398142938,8.160444377700204,29.161369277554957,26,37,12,36,39,38,./pilatus/InAs0799/InAs0799time4/InAs0799time4_1_29.tif,43.739965414950305,42.58894906248403,37.69687391957232,28.918359600163082,38.44252286312778,12.5223619503687,12852.0
84.0,0.000291,5.515935600459997,3.0868243798258583,60.703302119270575,5.046198113496669,9.015499859139707,-2.8134623978829474,0.9909996181291116,8.539745379179262,18.013846447459333,26,36,13,36,41,38,./pilatus/InAs0799/InAs0799time4/InAs0799time4_1_30.tif,43.76634748551771,42.64235344208201,37.6715651649116,28.880791052999957,38.28124750525559,12.522052714336361,12174.0
85.0,1.0,5.563860060261131,3.1067124204887846,60.71509876129896,5.039344432529764,8.792244212139215,-2.815147427127144,0.9503677966193644,8.267189335933269,16.46358861156023,26,37,12,36,40,38,./pilatus/InAs0799/InAs0799time4/InAs0799time4_1_31.tif,43.634655595168255,42.552331689970096,37.64493179161428,28.877431292025815,38.27158598022576,12.521154524802046,11948.0
91.0,0.000288,5.551892845684954,3.0949631055502085,60.57571382739814,5.0187268439010975,8.597137890146879,-2.8115543757940378,4.090019569885503,8.44960193571282,20.095480420970734,26,36,12,36,39,38,./pilatus/InAs0799/InAs0799time4/InAs0799time4_1_32.tif,43.78492076104072,42.71097232300197,37.70825466264508,28.870862888429812,38.100393904840885,12.522764406335318,12468.0
92.0,0.000288,5.551964992005386,3.052764453420853,60.783977110157366,5.016857053742775,9.914875918323164,-2.8140557847487075,11.282045002744205,8.57204235716432,17.72389681314018,26,38,12,36,41,38,./pilatus/InAs0799/InAs0799time4/InAs0799time4_1_33.tif,43.70306484372632,42.46237181607675,37.681853422973404,28.915451541516354,38.262597860844636,12.5230528758293,11883.0
93.0,1.0,5.588495199252273,3.1228651542187102,60.852748746707455,4.991171223894041,8.909394263829007,-2.820095847647751,2.601355366254211,9.37370963589913,35.78686413487704,26,37,12,36,40,38,./pilatus/InAs0799/InAs0799time4/InAs0799time4_1_34.tif,43.66176582384333,42.80439691997932,37.64706021983423,28.911541560870294,38.465295350039455,12.51889758941936,11769.0
99.0,0.000285,5.577520608750793,3.077599873176918,60.870402663284715,5.016484310119161,8.649796007306156,-2.8250412890792718,0.8842140432429338,7.895667495137353,22.459711210322116,26,36,12,36,39,38,./pilatus/InAs0799/InAs0799time4/InAs0799time4_1_35.tif,43.513202398885824,42.65062971643444,37.58362556498481,28.82910780774806,38.150359286063825,12.517741597336254,12616.0
100.0,0.000284,5.569542183917134,3.065786352494663,60.847631849450465,5.0043355175671005,9.968461221557712,-2.8246166145745595,0.5037819049366176,8.451323529990365,6.10918738566338,26,36,12,36,38,38,./pilatus/InAs0799/InAs0799time4/InAs0799time4_1_36.tif,43.66021181748488,42.554122714259925,37.592214829638486,28.818663221556545,38.25770510406726,12.522150895340074,12647.0
101.0,0.000284,5.609443479698999,3.11543868353593,60.90721905234433,5.048326906767467,9.062613173231727,-2.828841600909654,5.817900727956649,8.871566471885776,22.440863557041357,26,38,12,36,40,38,./pilatus/InAs0799/InAs0799time4/InAs0799time4_1_37.tif,43.661428466131056,42.594399469143994,37.687744636827595,28.844785140414242,38.22500331785003,12.526297567989182,12093.0
102.0,1.0,5.5832110839445805,3.119152404237979,60.99127954360228,5.07466408772819,9.090853810739274,-2.815399492311167,0.9431641982610668,8.504716331478859,22.618136592699585,26,36,12,36,40,38,./pilatus/InAs0799/InAs0799time4/InAs0799time4_1_38.tif,43.670598195778474,42.44408444816054,37.66256749732416,28.948427874930662,38.29146634615385,12.523856737973416,12270.0
108.0,0.000282,5.613676938601257,3.0381122409376697,60.89311495769619,5.002104074516315,9.420044923902962,-2.8147354384927477,3.1415632175550607,8.49810329018869,29.32139221105584,26,38,13,36,42,38,./pilatus/InAs0799/InAs0799time4/InAs0799time4_1_39.tif,43.61724810221098,42.42938170669392,37.56493296247479,28.91030267833686,38.345605518651,12.515295365372996,12883.0
109.0,0.000281,5.615315682281059,3.0691649694501018,61.10215885947047,5.044411822511023,8.305151688764282,-2.828005629139858,0.4350091028434645,8.28806163895544,23.490951762774223,26,37,12,36,41,38,./pilatus/InAs0799/InAs0799time4/InAs0799time4_1_40.tif,43.64085712627669,42.40516005733397,37.598559522365136,28.877350278551532,38.321999256781865,12.521990483034656,12275.0
110.0,0.000283,5.6042872789860745,3.0727585667344703,60.883586293224845,4.980432179393946,9.49535670154509,-2.814952676114004,-2.2847881518595208,8.688411877311074,17.592603247403122,26,36,12,36,40,38,./pilatus/InAs0799/InAs0799time4/InAs0799time4_1_41.tif,43.5723539101544,42.48429066096344,37.57907336542391,28.90156908730491,38.27622466646298,12.517376968288929,12782.0
111.0,1.0,5.634873196140381,3.1028093245666466,61.191614721202285,4.9509449252167785,9.061583841155802,-2.8192378797212028,8.883196076117926,8.427570484898348,27.085953010084644,26,36,12,36,39,38,./pilatus/InAs0799/InAs0799time4/InAs0799time4_1_42.tif,43.69625700863767,42.568126152406634,37.67727719905388,28.84214274890135,38.3924925007568,12.517755000941929,11711.0
117.0,0.000283,5.62636899747262,3.0604886267902276,61.224515585509685,5.1060078161941576,8.872176132101442,-2.819303980295543,1.005663370083189,8.861650228144933,-11.258276432704484,26,37,12,38,41,38,./pilatus/InAs0799/InAs0799time4/InAs0799time4_1_43.tif,43.59320206633226,42.46768332966307,37.62720248783945,28.79917646178034,38.142424576084565,12.517315114863052,11870.0
118.0,0.000285,5.640168067226891,3.100420168067227,61.329327731092434,4.933559322811395,9.776690485731718,-2.821356810778161,-219.71302179537494,8.584352737841105,4.740754612356739,26,37,12,36,39,38,./pilatus/InAs0799/InAs0799time4/InAs0799time4_1_44.tif,43.59769361423165,42.32633148123052,37.645816291436645,28.789311362078728,38.267651443285,12.523237953519983,11900.0
119.0,0.000283,5.596465728274174,3.0750458996328027,61.06770195838433,5.095440641119987,9.25074676295152,-2.816621224874953,20.728359975744564,8.460042342297498,16.5848096706936,26,37,12,36,41,38,./pilatus/InAs0799/InAs0799time4/InAs0799time4_1_45.tif,43.680618396052324,42.45555638480484,37.619913889539596,28.960372896646938,38.06231808343906,12.51940491834288,13072.0
120.0,1.0,5.632860040567952,3.0582774223747853,60.962786706194414,5.059456679243151,8.630158200855574,-2.824893560343682,5.091645848419256,8.485596505959398,24.080478550075934,26,38,12,36,40,38,./pilatus/InAs0799/InAs0799time4/InAs0799time4_1_46.tif,43.578640480873105,42.63258590342083,37.6035594129157,28.82359214426193,38.30420142343308,12.51506294302303,12818.0
126.0,0.000285,5.627058823529412,3.110509803921569,61.316941176470586,5.089697970544762,9.472664530104172,-2.8067434123044563,9.866394920987211,8.7440284950166,40.625315655820415,26,37,13,36,39,38,./pilatus/InAs0799/InAs0799time4/InAs0799time4_1_47.tif,43.593016934978046,42.379006026374846,37.65772821636473,28.85904244198202,38.39410978592501,12.520705661743357,12750.0
127.0,0.000285,5.599114571406763,3.0935043126478896,61.19899244332494,5.010700699599066,9.280134494306738,-2.822195274610321,10.345307259840848,8.023717560076944,25.76395001541581,26,36,12,36,38,38,./pilatus/InAs0799/InAs0799time4/InAs0799time4_1_48.tif,43.50573929165417,42.435920844848006,37.5863304596841,28.91032527196881,38.106815041452826,12.519883557338282,13101.0
128.0,0.000285,5.616390513320338,3.11598440545809,61.41447368421053,5.048470305411395,9.453907164455211,-2.8101205502588655,6.238336016797116,8.09743218633326,19.595308548850642,26,36,12,36,38,38,./pilatus/InAs0799/InAs0799time4/InAs0799time4_1_49.tif,43.56611086205151,42.576191220936295,37.59709972425559,28.765159293699114,38.313210301324155,12.513933358461122,12312.0
129.0,1.0,5.64103369727437,3.1003848872830098,61.334537742518265,5.039032278392919,9.403473515293227,-2.8228028973711177,0.9722917550238545,9.168195269206159,38.353947581469804,26,36,12,36,38,38,./pilatus/InAs0799/InAs0799time4/InAs0799time4_1_50.tif,43.525133674947085,42.542170200906995,37.60657104437472,28.816656455385985,38.29150515568392,12.520553243260549,12731.0
135.0,0.000285,5.653310903807922,3.0653769689554977,61.56514757608197,5.134564539410718,8.989172595971016,-2.8231288335321465,9.582808616599609,8.669448151897006,25.402245736909908,26,37,12,36,40,38,./pilatus/InAs0799/InAs0799time4/InAs0799time4_1_51.tif,43.584331971758594,42.507021876325176,37.601003044157046,28.841006843941894,38.39671730399861,12.51773522664749,13078.0
136.0,0.000285,5.711962537249893,3.114176245210728,61.652618135376756,5.0061571303045564,9.633221824580929,-2.8270315584804018,3.91357416203028,8.356013591372362,5.024276286140634,26,37,12,36,40,38,./pilatus/InAs0799/InAs0799time4/InAs0799time4_1_52.tif,43.63432557723553,42.346976159230096,37.68759442626121,28.950109559229062,38.186734470691164,12.513091933546008,11745.0
137.0,0.000284,5.653636363636363,3.084318181818182,61.41537878787879,5.073014524961843,8.329034578643356,-2.8132943975941824,0.612402220656492,8.384541917263189,27.168134805490944,26,37,12,36,39,38,./pilatus/InAs0799/InAs0799time4/InAs0799time4_1_53.tif,43.53461167390255,42.546434799695426,37.58377318878033,28.889947472798415,38.38496303392037,12.52023910702457,13200.0
138.0,1.0,5.691776618594661,3.080929733046947,61.46548020865296,5.00908418444338,9.448757631363247,-2.8260602175885094,8.380179806461872,8.771726625669253,58.88304103855408,26,37,12,38,40,38,./pilatus/InAs0799/InAs0799time4/InAs0799time4_1_54.tif,43.466495053775034,42.70141672683813,37.580479093033006,28.78713711959891,38.19517964295496,12.517874258671299,13036.0
144.0,0.000282,5.67032797029703,3.107673267326733,61.632735148514854,5.125967325107565,8.413629295953095,-2.808100406199406,5.42019674226556,7.711915542982952,13.879922777143424,26,38,12,36,41,38,./pilatus/InAs0799/InAs0799time4/InAs0799time4_1_55.tif,43.50890786565902,42.588087415372364,37.627175610074445,28.783892177993614,38.2406660692951,12.515497221343695,12928.0
145.0,0.000283,5.688116122021269,3.1019948769696497,61.708685865093535,4.990769504221667,8.089465615844313,-2.8341269547531396,-0.9951081508472553,8.033367054313375,16.94769355818735,26,38,12,36,40,38,./pilatus/InAs0799/InAs0799time4/InAs0799time4_1_56.tif,43.511244541484714,42.59169732002102,37.62188094737941,28.83684497816594,38.207767184645796,12.521531636127614,12883.0
146.0,0.000283,5.643552027395128,3.086543699898825,61.666744493734925,5.150435567909017,9.023816247058585,-2.821266953237621,6.529138770129234,9.082069120234282,7.185833424458827,26,37,12,36,39,38,./pilatus/InAs0799/InAs0799time4/InAs0799time4_1_57.tif,43.619135615191546,42.42310698706473,37.6789990862693,28.83534214082798,38.25898282861393,12.522650172397256,12849.0
147.0,1.0,5.653926660981472,3.058144042173812,61.53104891852082,5.0187036929240705,8.395045914161347,-2.8163238569008624,-6.603343288359996,8.234445797921346,17.046999687754173,26,38,12,36,39,38,./pilatus/InAs0799/InAs0799time4/InAs0799time4_1_58.tif,43.49949266419855,42.35140821862245,37.61804434734512,28.81454819690114,38.329885669379166,12.519597726565443,12899.0
153.0,0.000283,5.712166399021182,3.117075781907165,61.64449032652749,5.023410397798336,9.016863590439714,-2.8136195962490254,3.7905369950026144,8.134983840021068,10.288824665996646,26,38,12,36,41,38,./pilatus/InAs0799/InAs0799time4/InAs0799time4_1_59.tif,43.52251733647487,42.76095382954713,37.65118685067452,28.941470989852473,38.29932289877827,12.523963405179098,13077.0
154.0,0.000282,5.69016445792751,3.09540156474533,61.80656235031135,5.072834125244344,8.684788251774785,-2.817002398451629,-0.47084882487182605,8.465936555226127,14.301199397434988,26,37,12,38,40,38,./pilatus/InAs0799/InAs0799time4/InAs0799time4_1_60.tif,43.51103472465802,42.48832950764707,37.62756510361165,28.865605050859347,38.202486266216184,12.520061638695461,12526.0
155.0,0.000283,5.680298829328404,3.0914202094886014,61.70194085027727,5.042941991888289,8.661569110259492,-2.820856883121811,-0.42193882847191855,7.95776888444143,17.269079345741787,26,38,12,36,41,38,./pilatus/InAs0799/InAs0799time4/InAs0799time4_1_61.tif,43.414694995457815,42.392162236229105,37.600408419023935,28.961452415494964,38.20850046089838,12.522118536381997,12984.0
156.0,1.0,5.677934124675733,3.0892225453973743,61.810313654586906,5.154787923506053,8.3602966557116,-2.818928495061897,-1.7492208921889696,8.216701542433862,31.116547388204637,26,37,13,38,39,38,./pilatus/InAs0799/InAs0799time4/InAs0799time4_1_62.tif,43.47695523958521,42.43854649091557,37.61961060119116,28.764388265101275,38.225558552598095,12.519974207956617,12721.0
162.0,0.000283,5.646894192645573,3.075876545129441,61.91246210059862,5.008281366549946,9.225547560245467,-2.8281472303938475,4.328258864902662,9.021602572034237,30.406578085736328,26,36,12,36,40,38,./pilatus/InAs0799/InAs0799time4/InAs0799time4_1_63.tif,43.44111735227711,42.55399974725136,37.62438032095231,28.830194393964426,38.38235814482497,12.519465581757453,12863.0
163.0,0.000283,5.7109166983643975,3.093039178394827,62.038721947508556,5.084417086639326,8.668940152779696,-2.828143817310394,0.9529758329330702,8.66739159190333,22.15747111054611,26,38,12,36,42,38,./pilatus/InAs0799/InAs0799time4/InAs0799time4_1_64.tif,43.472705474890105,42.5318756456294,37.60617609586278,28.89208738510723,38.20635545280142,12.521734545351986,13145.0
164.0,1.0,5.7367955623442395,3.1133531634375755,62.0625452206769,5.048830166705261,8.683738221832591,-2.824768859618549,14.636568221823994,8.532401717256066,17.296075400315274,26,37,12,36,39,38,./pilatus/InAs0799/InAs0799time4/InAs0799time4_1_65.tif,43.580563340807174,42.53502724197588,37.63124808936834,28.946356502242153,38.20667751181346,12.516541536484645,12439.0
170.0,0.000283,5.765365634813818,3.1134140870345446,62.36428891879767,4.860689037508684,7.870514710306256,-2.8020071187985383,-0.430528684973266,8.132814294242367,25.075606267530787,26,38,13,36,41,38,./pilatus/InAs0799/InAs0799time4/InAs0799time4_1_66.tif,43.58677145747413,42.437793596357245,37.658142579670525,28.732441055170803,38.24701000028819,12.512489748938926,11145.0
171.0,0.000283,5.756024096385542,3.1171442526864213,62.2110061869098,5.110223015193457,9.080640715504696,-2.8245049934071687,12.062976930085142,8.068841107405703,33.57331229753444,26,38,12,36,41,38,./pilatus/InAs0799/InAs0799time4/InAs0799time4_1_67.tif,43.42595499738357,42.39873599540362,37.65304632295211,28.835518406946978,38.213366065132796,12.520427898455901,12284.0
172.0,0.000283,5.740753082305898,3.093218927024325,62.17127624125292,5.008074720858354,8.719901604343477,-2.834546928912503,2.9298492269392558,8.582237845476362,14.182013927470855,26,38,12,36,41,38,./pilatus/InAs0799/InAs0799time4/InAs0799time4_1_68.tif,43.52986417459949,42.93458296302281,37.65236820384187,28.863376480148595,38.28324041905685,12.516085938169969,12004.0
173.0,1.0,5.746095076400679,3.126740237691002,62.333106960950765,5.007864303684853,8.625362361142445,-2.8239355654431213,-0.17022148420406968,8.739820520103978,26.805966679305623,26,37,12,36,39,38,./pilatus/InAs0799/InAs0799time4/InAs0799time4_1_69.tif,43.437279321603214,42.65180680368148,37.62512597305675,28.907798903810072,38.414655336247385,12.519864248710308,11780.0
179.0,0.000283,5.728228343435894,3.1236092994705746,62.25987876927799,5.051191499952011,9.089499265722889,-2.8220255561628265,9.516751686633313,7.962649410766289,30.68647806336175,26,38,12,36,39,38,./pilatus/InAs0799/InAs0799time4/InAs0799time4_1_70.tif,43.482640377196745,42.60985015966593,37.55190262165823,28.78125,38.33829525915009,12.522830597227374,13033.0
180.0,0.000282,5.729811549231817,3.0980095360629685,62.22341633239991,5.085185796789527,8.80375114588137,-2.8393957825406235,4.693659135013237,8.687917713147927,38.67975986016866,26,37,12,36,41,38,./pilatus/InAs0799/InAs0799time4/InAs0799time4_1_71.tif,43.490463359222275,42.42690672790346,37.57117001841495,28.72227505679717,38.328064689500174,12.520601879444097,13213.0
181.0,1.0,5.787169042769857,3.081544728184239,62.36910543631521,5.002636470885177,8.062705044755733,-2.8113458511402554,0.8958443428750664,7.911082397872012,66.2356425051829,26,35,12,36,38,38,./pilatus/InAs0799/InAs0799time4/InAs0799time4_1_72.tif,43.404688747817374,42.6149876712677,37.66825713008224,28.82736636933364,38.425353974427416,12.522624854936675,12766.0
187.0,0.000283,5.744399814614553,3.0767804727328905,62.359184304032134,4.977000181105652,9.261977279755738,-2.8184129716577595,-1.922209445687366,8.082514570329781,44.098453341005126,26,37,12,36,41,38,./pilatus/InAs0799/InAs0799time4/InAs0799time4_1_73.tif,43.357295574650045,42.60391142799759,37.59880317402905,28.773609262172737,38.224091182968465,12.514588097143324,12946.0
188.0,0.000283,5.745760098674067,3.1056891766882515,62.38267036694419,5.0926381831761995,8.74100670297152,-2.8121623808790543,23.089050996122104,7.619645261113223,18.853417580302224,26,38,12,36,42,38,./pilatus/InAs0799/InAs0799time4/InAs0799time4_1_74.tif,43.49680682641479,42.739940923871224,37.59162312722743,28.71229237663348,38.2034899595403,12.51261696332801,12972.0
189.0,0.000281,5.775636992765021,3.1041207927021075,62.42560553633218,4.986765450585934,8.933996979050642,-2.822206857842964,-2.5182319863166045,8.159947436828045,2.2149408478230828,26,38,12,36,41,38,./pilatus/InAs0799/InAs0799time4/InAs0799time4_1_75.tif,43.395395068284245,42.35217369274422,37.59521997873531,28.72736680146508,38.16854985812728,12.515852779779392,12716.0
190.0,1.0,5.7597738287560585,3.1310177705977384,62.601534733441035,5.010800060009392,8.037545816665846,-2.8258465820396252,1.947962622232919,8.88607926417618,25.30160741347712,26,37,12,36,39,38,./pilatus/InAs0799/InAs0799time4/InAs0799time4_1_76.tif,43.427411438027654,42.51037098188948,37.5939030228114,28.785992763582307,38.14129817862855,12.513040527375882,12380.0
196.0,0.00028,5.7926739926739925,3.1164835164835165,62.75352055352055,4.983013780018825,8.997829377024777,-2.8166801597746773,3.2085378688752195,8.587656678109543,8.94167061577485,26,38,12,36,41,38,./pilatus/InAs0799/InAs0799time4/InAs0799time4_1_77.tif,43.407529193541585,42.53486914276759,37.672400888800105,28.81625282801456,38.338661651778715,12.516055346355751,12285.0
197.0,0.000282,5.780270594279842,3.1107210138722383,62.782497002911455,4.9999065659848005,8.795206752697071,-2.829797565018491,1.0148892449887659,8.7120673645779,14.121734726856728,26,36,12,36,39,38,./pilatus/InAs0799/InAs0799time4/InAs0799time4_1_78.tif,43.40726200705164,42.55718886778429,37.63277475742457,28.71488252199935,38.163569796570044,12.521657887486462,11678.0
198.0,0.000282,5.8067730697561375,3.126954549137163,62.62156688001296,5.038122725123518,8.744980514767096,-2.8110285980576175,-24.209639824698602,8.59117603142251,16.569288803276624,26,37,12,36,38,38,./pilatus/InAs0799/InAs0799time4/InAs0799time4_1_79.tif,43.43976113738786,42.39198362524614,37.60785341126973,28.763802268636724,38.203414861643694,12.519984785325601,12343.0
199.0,1.0,5.81622193296453,3.0867230719166936,62.56955743573056,5.203812957323667,8.957968074858917,-2.820822047018677,6.311021282240003,8.174527075508081,22.273352860687226,26,38,12,36,39,38,./pilatus/InAs0799/InAs0799time4/InAs0799time4_1_80.tif,43.53026170394304,42.56067155131517,37.62990618966201,28.76049403438099,38.25394022455327,12.522131568511451,12292.0
205.0,0.000282,5.792588988891592,3.096326927754804,62.66861266520717,5.027522862240512,8.949338179314463,-2.8164975091622693,3.8058730537891523,7.926039281155437,19.895487236903833,26,38,13,36,39,38,./pilatus/InAs0799/InAs0799time4/InAs0799time4_1_81.tif,43.45452127659574,42.455364391023124,37.62617416146111,28.77971724524076,38.349962028962736,12.513965728717595,12333.0
206.0,0.000283,5.859914730705647,3.1435656486557035,63.04385277995301,5.132250126951816,8.679133783330157,-2.813870043717355,2.128946769413129,8.917226132041245,25.625520565751305,26,37,12,36,40,38,./pilatus/InAs0799/InAs0799time4/InAs0799time4_1_82.tif,43.51132921541842,42.631736278335964,37.664223814906364,28.761403456672802,38.26563148717097,12.515662544181803,11493.0
207.0,0.000282,5.838945705495967,3.128128377816579,63.02976635902552,5.044153707622892,8.48063169097263,-2.8239104065633343,2.9797239781253433,7.858628062137607,24.994959774405118,26,38,12,36,42,38,./pilatus/InAs0799/InAs0799time4/InAs0799time4_1_83.tif,43.41620505517978,42.48636436127798,37.58653482116827,28.840882876468495,38.07181967997448,12.516921506109682,12027.0
208.0,1.0,5.783179424559261,3.058078302678776,62.720979928260704,5.060785033447934,8.989535971785001,-2.835351824553862,0.9481474083682987,8.079839939720687,8.328635509269233,26,36,12,36,39,38,./pilatus/InAs0799/InAs0799time4/InAs0799time4_1_84.tif,43.45066444963511,42.56768155727477,37.56528516134056,28.874645340934585,38.229373596206635,12.522506397285094,13103.0
214.0,0.000279,5.824108241082411,3.12119721197212,63.09922099220992,5.143911652769274,8.171590113515458,-2.841042875811605,5.766566678622369,8.24489494083652,7.557216642552132,26,38,12,38,41,38,./pilatus/InAs0799/InAs0799time4/InAs0799time4_1_85.tif,43.45916226680746,42.90988624123164,37.6603564675534,28.811305878211897,38.188739720988885,12.52361743741025,12195.0
215.0,0.000279,5.822854914196568,3.0966458658346334,63.051638065522624,4.9865616445115695,8.531485639915944,-2.8376925856291457,4.774552121710514,8.486966645614649,12.62049221208975,26,37,12,36,41,38,./pilatus/InAs0799/InAs0799time4/InAs0799time4_1_86.tif,43.33187316641884,42.39245321040832,37.637771828553475,28.849040174684188,38.11562004080707,12.516503324170317,12820.0
216.0,0.00028,5.842122083732822,3.1184084372003835,62.94463087248322,5.0426444275360085,9.077417084911891,-2.8216861050525224,4.677991208590463,8.67040917891089,43.22760288222792,26,36,12,38,38,38,./pilatus/InAs0799/InAs0799time4/InAs0799time4_1_87.tif,43.40514223194749,42.787906738406356,37.658436308016476,28.73362964989059,38.23166794773251,12.519657533811872,12516.0
217.0,1.0,5.814474937234872,3.135659250281361,63.12734828153407,5.13750197230415,8.671053283867066,-2.820499860920841,-0.9555139007284056,9.970487752896789,1.2370516060965648,26,38,12,36,40,38,./pilatus/InAs0799/InAs0799time4/InAs0799time4_1_88.tif,43.40482110685943,42.48285477636665,37.59993636722693,28.704093027410927,38.2484262838211,12.516160530126827,11551.0
223.0,0.000281,5.835338983050847,3.1191525423728814,63.33703389830509,5.056552082413051,8.63548290766268,-2.8213206358365595,7.2460020783574,8.098007402703788,12.414829240787997,26,38,12,36,41,38,./pilatus/InAs0799/InAs0799time4/InAs0799time4_1_89.tif,43.38918338004851,42.507199913057654,37.655620924914736,28.72383345193662,38.08843666793457,12.518062503930413,11800.0
224.0,0.000281,5.858829398071167,3.1306950448952446,63.3075324243432,4.954891266562915,8.545854053444105,-2.829345428924492,9.989222386481634,8.376100497912503,28.65910073136191,26,37,12,38,40,38,./pilatus/InAs0799/InAs0799time4/InAs0799time4_1_90.tif,43.47039875124166,42.44704695134905,37.67812093299346,28.7727969348659,38.225435521563625,12.513606045205085,12028.0
225.0,0.000281,5.87490796040252,3.108811257465434,63.06757751779432,5.050654467875947,8.510075142048711,-2.8328554325624404,0.929910585633081,7.717567335977973,14.168009693827333,26,38,12,36,41,38,./pilatus/InAs0799/InAs0799time4/InAs0799time4_1_91.tif,43.41447450876631,42.65196452538225,37.64235835900762,28.70198721608712,38.213242453748784,12.52284611642614,12223.0
226.0,1.0,5.89091052299937,3.0744328922495274,63.09940138626339,4.993258709057529,9.233591463702588,-2.826312601190684,0.48870323209525734,9.243574664503848,30.57644971986921,26,36,12,36,40,38,./pilatus/InAs0799/InAs0799time4/InAs0799time4_1_92.tif,43.495407201401235,42.70888735172802,37.68213104317759,28.776443689748767,38.13068429277791,12.514026787831883,12696.0
232.0,0.000283,5.879080922172366,3.0954665016246325,63.227525916756925,5.03072051549117,8.450313183788236,-2.8317014260870987,7.163206936288106,8.825083660718201,40.26370351096966,26,37,12,36,41,38,./pilatus/InAs0799/InAs0799time4/InAs0799time4_1_93.tif,43.356848657113154,42.6814455663301,37.63798164396736,28.838011395786452,38.16192642207338,12.51321396977042,12926.0
233.0,0.000282,5.8548808357819135,3.133121123081946,63.38206007182501,5.0987566514915725,8.850826941994049,-2.8244835584610355,0.6074315805900937,7.6364603681606695,8.103181004812773,26,37,12,36,40,38,./pilatus/InAs0799/InAs0799time4/InAs0799time4_1_94.tif,43.32178604288064,42.60629900747649,37.63571894915634,28.82635849109209,38.222575351030294,12.51964376085722,12252.0
234.0,0.000283,5.850908513845909,3.0968023486471474,63.283027850511786,4.997378238728577,8.39117929317313,-2.8374606786248857,23.953680836728445,8.014238777496548,24.238482091296436,26,37,12,36,39,38,./pilatus/InAs0799/InAs0799time4/InAs0799time4_1_95.tif,43.350560761605124,42.792205795690386,37.624012608519024,28.81814236699711,38.263752594224805,12.516411386786633,12603.0
235.0,1.0,5.891678855842678,3.107914838290265,63.38623435722412,4.969717313614803,8.500389662919437,-2.8302673413659725,-0.9323652364527231,8.266620335496238,25.506365312040305,26,36,12,36,40,38,./pilatus/InAs0799/InAs0799time4/InAs0799time4_1_96.tif,43.48464201481318,42.601474664017154,37.62853143016111,28.79858764464919,38.1996287193432,12.518555031787198,12306.0
241.0,0.000283,5.9038954980172615,3.123551823341886,63.29391182645207,4.965404182685602,8.613908403468663,-2.837533323868587,5.207890788449572,8.906142214425808,4.188762325198282,26,38,12,36,41,38,./pilatus/InAs0799/InAs0799time4/InAs0799time4_1_97.tif,43.305044119583826,42.67980185203624,37.65779590994357,28.82657711049651,38.29757044707757,12.522556487961642,12861.0
242.0,0.000282,5.899366085578447,3.1166578622997005,63.54366966015144,5.07425463830916,8.879513577355945,-2.825726344749025,10.824211402193942,8.696353179090742,19.409243371979628,26,37,13,36,41,38,./pilatus/InAs0799/InAs0799time4/InAs0799time4_1_98.tif,43.19214983956421,42.44797875646205,37.65467232160548,28.766614431758825,38.30077120822622,12.5134738939408,11358.0
243.0,0.000283,5.892779521854624,3.10778394912662,63.600740561861066,5.121211220650939,8.082805806577728,-2.841256534090496,16.85569442441311,9.28803345170689,13.583837446595512,26,38,12,36,42,38,./pilatus/InAs0799/InAs0799time4/InAs0799time4_1_99.tif,43.37934049121657,42.430869249896396,37.62703515450974,28.72530940086878,38.31029838375466,12.516786227775302,12423.0
244.0,1.0,5.897902209459998,3.1120682778974236,63.50011964584829,5.000589255921004,8.903946458894335,-2.8350547563410524,4.456172311073093,8.50526178970023,22.72617039227943,26,37,12,36,39,38,./pilatus/InAs0799/InAs0799time4/InAs0799time4_1_100.tif,43.283803521679154,42.663599548903015,37.63381907572029,28.709840144978497,38.20832478982982,12.517126595746017,12537.0
250.0,0.000283,5.883051621745089,3.129891883660728,63.48690421806,5.080585496160247,8.914399654166216,-2.8165389761360893,13.249869379152686,8.693076859291718,14.20846068002175,26,38,12,36,41,38,./pilatus/InAs0799/InAs0799time4/InAs0799time4_1_101.tif,43.43482424807165,42.541768025688434,37.58500642211847,28.72143707615054,38.41991826408485,12.51151124260497,13134.0
251.0,0.000282,5.929090066429786,3.1043565580101964,63.4963695349915,5.039009659147306,8.693891126915421,-2.822016255871217,1.774609318220111,9.323842197937248,22.306110015259698,26,36,12,38,39,38,./pilatus/InAs0799/InAs0799time4/InAs0799time4_1_102.tif,43.364157481956276,42.54395481350618,37.654578211828365,28.763021444018865,38.39033068750155,12.515538475762265,12946.0
252.0,0.000283,5.899489194499018,3.138703339882122,63.65139489194499,4.9952667937817345,9.37513835207601,-2.839470722381705,6.598866553541235,8.668779053539241,29.020563319961543,26,37,12,36,39,38,./pilatus/InAs0799/InAs0799time4/InAs0799time4_1_103.tif,43.24905755884429,42.63427641462193,37.62236716693582,28.788600125214796,38.26347020530796,12.512937612042016,12725.0
253.0,1.0,5.946221563671228,3.138324762485836,63.727621371916676,5.110704081998929,8.314180168718014,-2.8302479325397614,2.748959886354166,7.964593218515774,19.4622229272518,26,38,12,36,41,38,./pilatus/InAs0799/InAs0799time4/InAs0799time4_1_104.tif,43.276659679570805,42.49344553685497,37.65761331168698,28.72048196303191,38.23607176581681,12.514068990230419,11473.0
259.0,0.000283,5.952941176470588,3.098636540708999,63.641137514608495,5.088335015728967,9.068922099503226,-2.834932635088706,0.9771779879294907,8.123744352851292,-2.198574699945305,26,38,12,36,41,38,./pilatus/InAs0799/InAs0799time4/InAs0799time4_1_105.tif,43.36129361568463,42.525231952930525,37.619959502175476,28.650485563960945,38.17470015840688,12.514089766096905,12835.0
260.0,0.000283,5.969305745554036,3.144237346101231,63.79232216142271,5.085861311737503,8.408464254546523,-2.8334186781406765,0.9017618272213593,9.070085424480252,22.278603687424578,26,37,12,36,40,38,./pilatus/InAs0799/InAs0799time4/InAs0799time4_1_106.tif,43.352879671140265,42.30841604350782,37.61599753389223,28.802870361086843,38.28138681169273,12.510343579743068,11696.0
261.0,1.0,5.935483870967742,3.122208436724566,63.67990074441688,5.007138748737272,8.221915658024223,-2.8218944334771043,10.40098655854583,8.852560850115724,14.34430604063792,26,36,13,36,39,38,./pilatus/InAs0799/InAs0799time4/InAs0799time4_1_107.tif,43.369813440635454,42.67936618319094,37.656760218992325,28.696017976588628,38.158826743492945,12.517226892802867,12896.0
267.0,0.000283,5.9125460387116995,3.1050074445576366,63.6567667110728,4.979505185839487,8.559586867496474,-2.832534891148488,1.033675410305011,7.710385858679795,29.167139490622787,26,38,12,38,39,38,./pilatus/InAs0799/InAs0799time4/InAs0799time4_1_108.tif,43.31764082173625,42.47631426191858,37.62205228455641,28.767382372432074,38.374378517527695,12.515471659091693,12761.0
268.0,0.000283,5.909846793440604,3.0725998922164908,63.74155054276696,5.037923513739882,8.961726802982051,-2.8259228915157704,0.8985723102518244,8.703664359238,22.200500096938242,26,37,12,36,40,38,./pilatus/InAs0799/InAs0799time4/InAs0799time4_1_109.tif,43.319620129489465,42.24382360310699,37.63698171000521,28.628466839492987,38.326359308444,12.50886599133511,12989.0
269.0,1.0,5.902399506210941,3.1185865288172208,63.82771391096366,5.113582424306808,9.084578120328246,-2.823361536103983,5.703270810656724,8.211672297392566,58.07475888738568,26,37,12,36,40,38,./pilatus/InAs0799/InAs0799time4/InAs0799time4_1_110.tif,43.27258467209579,42.54463137060861,37.61871744567379,28.777127096377825,38.25544285007422,12.511400738089453,12961.0
275.0,0.000291,5.973011932409706,3.0950588612156644,63.970449267237925,4.9085899128235315,8.731794484834163,-2.8326176021555947,4.867329549358338,8.602549076702065,28.801759930848988,26,37,12,36,39,38,./pilatus/InAs0799/InAs0799time4/InAs0799time4_1_111.tif,43.3075149158678,42.44907886565928,37.63859243689589,28.751504994301804,38.10859552887601,12.517256531367716,12487.0
276.0,0.000291,5.931210094253572,3.0966859227728794,63.94405594405595,5.166535998694522,9.413225816631348,-2.8386970712135327,3.528464933597823,8.325886563740681,19.41722382505312,26,37,12,36,40,38,./pilatus/InAs0799/InAs0799time4/InAs0799time4_1_112.tif,43.36999397675283,42.56988217967599,37.65960810605196,28.674859991541823,38.18541973490427,12.519016984290007,13156.0
277.0,0.000291,5.9322386679000925,3.1275824853530683,63.8722633364169,5.065905034796146,8.210031323836112,-2.820197236276782,7.561207685112186,8.657166197270799,11.165729483063854,26,37,12,36,39,38,./pilatus/InAs0799/InAs0799time4/InAs0799time4_1_113.tif,43.36565176146479,42.53262182346997,37.57995826448825,28.759008745597963,38.30733775356782,12.517618106791254,12972.0
278.0,1.0,5.9785848760589895,3.1151553184813303,63.802086601819894,5.043230270834037,8.449674321788713,-2.8287557410785875,5.470625267273992,8.337076491455484,28.595869669565463,26,38,12,36,41,38,./pilatus/InAs0799/InAs0799time4/InAs0799time4_1_114.tif,43.21132323033524,42.46973207091055,37.6078178002309,28.764154037919045,38.20623489121676,12.514388042525411,12748.0
284.0,0.000286,5.979612801264323,3.123745555116555,64.13986566574476,5.006772593881493,7.863485531151781,-2.825372077750588,-0.8443964483715801,8.533946446059376,24.99662063589452,26,37,12,38,40,38,./pilatus/InAs0799/InAs0799time4/InAs0799time4_1_115.tif,43.29465324030024,42.56563203561762,37.65002155995516,28.74676234274236,38.2105436239913,12.506406386674715,12655.0
285.0,0.000285,5.9679793611047876,3.0893846270581986,64.0795963274907,5.0259235089898455,8.582335401040114,-2.838391314458609,-0.8736505051467173,8.993047451448211,44.81374619322409,26,37,12,36,40,38,./pilatus/InAs0799/InAs0799time4/InAs0799time4_1_116.tif,43.398591262777806,42.39820704899914,37.62636810912902,28.649239688755532,38.3196364976053,12.520395971604668,13179.0
286.0,0.000287,5.978741237427614,3.121456872904602,64.01805851874428,5.10180753850955,8.511771587553529,-2.833627097408816,11.723347946534634,8.710088509765837,27.069834523529845,26,37,12,36,39,38,./pilatus/InAs0799/InAs0799time4/InAs0799time4_1_117.tif,43.264206971261075,42.711809793487284,37.64748212570506,28.81981775313834,38.211101889371676,12.521484265740508,13124.0
287.0,1.0,6.007309577207409,3.098762355677382,64.22227759780712,5.060395004374428,8.553008765600541,-2.824490350779927,4.941968339681526,8.444565734625632,16.249505733494182,26,38,13,36,41,38,./pilatus/InAs0799/InAs0799time4/InAs0799time4_1_118.tif,43.191518486767514,42.67999785557283,37.58867108482977,28.68529631370814,38.43027931163888,12.51148256791503,12039.0
293.0,0.000283,6.0205875172918875,3.111563186589633,64.22149890145658,5.0681651210454275,8.611711553290613,-2.843421136253792,4.796565901404641,8.735834350730931,22.332053159526588,26,35,12,36,38,38,./pilatus/InAs0799/InAs0799time4/InAs0799time4_1_119.tif,43.08264965466906,42.37290130236937,37.62943065160703,28.65865625042237,38.240362989696116,12.50930541371332,12289.0
294.0,0.000283,6.020180874225423,3.0968012058281693,64.42329593032993,5.125345734696439,9.266854193661413,-2.8355719920772144,0.9293542811985365,8.752454408980027,24.634920373068596,26,36,12,36,40,38,./pilatus/InAs0799/InAs0799time4/InAs0799time4_1_120.tif,43.312200075111626,42.522389270455896,37.65381240876956,28.753244404879474,38.21653777513385,12.514779493671874,11942.0
295.0,0.000283,5.986103563387935,3.101156742488937,64.24175141681546,5.021211915761667,8.267575444116423,-2.8325049628197996,-3.4634466091374465,8.03228049532742,14.079907360567617,26,38,12,38,41,38,./pilatus/InAs0799/InAs0799time4/InAs0799time4_1_121.tif,43.26137704747948,42.54433485205027,37.60307698628879,28.783573475819317,38.19568918039353,12.515266502154688,12881.0
296.0,1.0,6.0105938756572845,3.096272811630065,64.32206928549336,5.029070162235018,7.864423053151172,-2.814819758810079,0.9666970831330156,8.663743295839092,23.940558501020426,26,38,13,38,41,38,./pilatus/InAs0799/InAs0799time4/InAs0799time4_1_122.tif,43.30104594166913,42.55430683549362,37.695985756414004,28.76888934631862,38.22481955995105,12.523355609974837,12932.0
302.0,0.000283,6.030860249440358,3.155100735529261,64.45314998401024,5.073847282223973,9.401749120563698,-2.830008039815728,6.6346486989199365,8.443068584491169,23.297428202688664,26,37,12,36,40,38,./pilatus/InAs0799/InAs0799time4/InAs0799time4_1_123.tif,43.22773550388419,42.35272653557673,37.63871219826838,28.699432616591988,38.32090006081492,12.52227914361557,12508.0
303.0,0.000283,5.972533374251957,3.1304281110940617,64.34801288936627,5.196728968765971,8.539537487350547,-2.8374784523883485,11.0311659906217,9.140429188624074,6.079169744634978,26,35,12,36,38,38,./pilatus/InAs0799/InAs0799time4/InAs0799time4_1_124.tif,43.13474038486242,42.56965344836038,37.61931986188346,28.712252395755723,38.087740797019755,12.518378179875809,13034.0
304.0,0.000283,5.99700575815739,3.097658349328215,64.5236084452975,5.063478227496475,8.355140559615485,-2.8486413565203477,0.9764235841173894,8.891355801118257,41.53807155867403,26,37,12,36,38,38,./pilatus/InAs0799/InAs0799time4/InAs0799time4_1_125.tif,43.26269027409712,42.531216695169405,37.60751885961781,28.657705060746885,38.23069868887402,12.514843768591895,13025.0
305.0,1.0,6.018902980854674,3.1186687131432262,64.61652799095242,5.004239716596459,8.388385639150302,-2.8293924351708073,23.90760586923572,9.09553644206015,32.906381753908484,26,37,12,36,40,38,./pilatus/InAs0799/InAs0799time4/InAs0799time4_1_126.tif,43.31333548075374,42.56221830803502,37.621329486128054,28.772413700542224,38.271745324560946,12.511125307543056,12379.0
311.0,0.000279,6.042062626577349,3.110764916653684,64.53107960741549,4.981272750316459,9.242868079213318,-2.8233135336933617,3.664224959373008,7.69914746317635,33.84022517514612,26,36,12,36,40,38,./pilatus/InAs0799/InAs0799time4/InAs0799time4_1_127.tif,43.17160426980198,42.500175280448715,37.68802221015149,28.785027330858085,38.26832932692308,12.516826603898847,12838.0
312.0,0.000281,6.059526545621696,3.1032712786332644,64.63433693403815,5.043033126456119,8.93118773551935,-2.8422877112728986,3.5969425966646766,8.096711946091768,28.096518671443597,26,37,12,38,40,38,./pilatus/InAs0799/InAs0799time4/InAs0799time4_1_128.tif,43.1944497123712,42.496556150788756,37.63720616542922,28.732005815791137,38.20181696990644,12.505674006011816,13053.0
313.0,0.000279,6.000312158576557,3.1200249726861244,64.60527547994381,5.063807868228682,8.737580557390597,-2.8445568023036207,2.680224364634838,8.359038783167044,14.177774139172314,26,37,12,36,39,38,./pilatus/InAs0799/InAs0799time4/InAs0799time4_1_129.tif,43.05824055769431,42.43021510755378,37.635148553123024,28.685295494745603,38.314832416208105,12.52096026826051,12814.0
314.0,1.0,6.005442388431037,3.079147877468512,64.6899393562432,4.975212679293963,8.888830357598906,-2.830685438960196,2.584717829839999,8.438594132292396,10.254223084828489,26,37,12,36,39,38,./pilatus/InAs0799/InAs0799time4/InAs0799time4_1_130.tif,43.203088993034875,42.40841834158166,37.63494511094392,28.7443618756635,38.24164225835774,12.5142793272455,12862.0
320.0,0.00028,6.0761075039040024,3.104462891427632,64.79370428207446,5.131992616559122,8.59169551760379,-2.830178113410193,8.141182597271722,8.524603068824579,30.213443337600715,26,37,12,36,40,38,./pilatus/InAs0799/InAs0799time4/InAs0799time4_1_131.tif,43.19294448652743,42.3347717886265,37.62478737101142,28.74788983876204,38.27231811924177,12.512581420570942,12167.0
321.0,0.000279,6.100582402014796,3.0994018573902093,64.79442782937195,4.954867965778246,8.905535982490198,-2.832855486333909,4.253612442675536,7.789254343892946,29.220800229764354,26,36,12,36,39,38,./pilatus/InAs0799/InAs0799time4/InAs0799time4_1_132.tif,43.16016461542431,42.60732332850867,37.685335937556935,28.737260365869393,38.48579264112135,12.515875560867654,12706.0
322.0,1.0,6.076078431372549,3.121019607843137,64.77717647058823,5.104368563162578,9.391104419453768,-2.825341057191003,8.926539831957156,8.483797730239942,24.011205609942493,26,37,12,36,42,38,./pilatus/InAs0799/InAs0799time4/InAs0799time4_1_133.tif,43.21352781721957,42.697585002387356,37.647032542326095,28.808829224215824,38.2391124067047,12.514711669203265,12750.0
328.0,0.000283,6.070441779262183,3.1042963412782756,64.87999089114923,5.077789362687317,8.779086191971498,-2.8242865904039536,0.9831083734524008,8.300719870628948,19.536635424620112,26,37,12,36,39,38,./pilatus/InAs0799/InAs0799time4/InAs0799time4_1_134.tif,43.08301655579453,42.34301643192488,37.5559727118186,28.698431951182915,38.14950117370892,12.515024060257696,13174.0
329.0,0.000282,6.028538461538462,3.125153846153846,64.92330769230769,5.036123273198653,9.070262160862729,-2.835055029217754,2.640170086927089,8.47758322256883,57.97861262213026,26,37,12,38,39,38,./pilatus/InAs0799/InAs0799time4/InAs0799time4_1_135.tif,43.16419338786031,42.31922120757132,37.583316646978744,28.782496076354775,38.08900484899205,12.51060718978487,13000.0
330.0,0.000282,6.071511582862013,3.127915084837685,64.92329743550012,5.089574951124634,8.05422563947163,-2.84300520090936,34.03088793186348,8.183867126193128,22.64326699025015,26,36,12,36,39,38,./pilatus/InAs0799/InAs0799time4/InAs0799time4_1_136.tif,43.191998979136095,42.43445952640444,37.57741194441295,28.72842467938493,38.02130189240067,12.511002249497293,12907.0
331.0,1.0,6.074436748666508,3.1229997611655125,64.9406098240586,5.1162771725603555,8.897396316788024,-2.836561685551147,0.9006638440962588,8.328501737327755,37.141383044150665,26,37,12,36,40,38,./pilatus/InAs0799/InAs0799time4/InAs0799time4_1_137.tif,43.24640568275645,42.58863566840012,37.6782789171271,28.791116761248215,38.27630773936984,12.514777760478792,12561.0
337.0,0.000282,6.098300592454007,3.1089024009978172,64.9876052385407,5.14863268963606,10.03187269493829,-2.8329925518617696,3.942766426160778,8.73814834175082,14.19495705604822,26,36,12,36,39,38,./pilatus/InAs0799/InAs0799time4/InAs0799time4_1_138.tif,43.21844840148794,42.35330107068529,37.57949454274579,28.748021833335464,38.32303603219578,12.508656396304973,12828.0
338.0,0.000281,6.073361162646877,3.133116883116883,65.12345392702535,4.995117706966692,9.076210619621973,-2.8305362544304917,1.0356133213031653,8.273540275272461,26.174516765281425,26,37,12,36,39,38,./pilatus/InAs0799/InAs0799time4/InAs0799time4_1_139.tif,43.157678355501815,42.491586479151245,37.55698764417992,28.676586266149048,38.25657537626449,12.515281261388091,12936.0
339.0,0.000281,6.1208737066841845,3.1304811955986205,65.2051239940877,5.090052879090509,9.090656854005426,-2.835248280566314,6.958682614543391,8.76558399110793,27.007709820569083,26,37,12,36,41,38,./pilatus/InAs0799/InAs0799time4/InAs0799time4_1_140.tif,43.122484572041856,42.47121160454319,37.576196245157846,28.704172256506574,38.3843873776985,12.509992846960209,12178.0
340.0,1.0,6.120541796906307,3.1515588683177045,65.13296465496514,4.96396329413765,8.480408313368297,-2.828278092796399,0.24062953844152501,8.958579818473115,32.27229279594482,26,38,12,36,42,38,./pilatus/InAs0799/InAs0799time4/InAs0799time4_1_141.tif,43.1150904852945,42.570367733075635,37.57032303633482,28.765654872587277,38.0748435990031,12.515240000787534,12477.0
346.0,0.00028,6.133217420102666,3.1013412816691504,65.27107136943202,5.083314528436293,8.772325960315172,-2.8324469797200065,3.2462778997806985,8.316896745885046,17.973461447884766,26,37,12,36,40,38,./pilatus/InAs0799/InAs0799time4/InAs0799time4_1_142.tif,43.10483685894407,42.454322174168404,37.63560958160397,28.74422560308868,38.361231245661806,12.519335467765341,12078.0
347.0,0.000279,6.117483166937544,3.1277764878879344,65.1897685937621,5.052207332451759,9.442817514645531,-2.8397418095158646,5.998217425221796,8.22580665444145,34.244960866339305,26,37,12,36,41,38,./pilatus/InAs0799/InAs0799time4/InAs0799time4_1_143.tif,43.108724254845406,42.479363586875834,37.557857671161806,28.58318151915389,38.38147671598951,12.515542248345932,12921.0
348.0,0.000279,6.126236858379715,3.110930735930736,65.21838280766852,5.070648710834358,8.43776995119148,-2.8349820769947427,4.352972073973724,8.43239568794889,14.792551514210647,26,38,12,36,40,38,./pilatus/InAs0799/InAs0799time4/InAs0799time4_1_144.tif,43.02437885651554,42.605297815769205,37.55976483556862,28.62640538050953,38.2141738935964,12.514287068919536,12936.0
349.0,1.0,6.106967309042678,3.130139658266365,65.27377701490208,4.981808596880759,9.046658451681521,-2.8431788740576187,5.69810010913855,7.955544628808129,16.471337473111305,26,38,12,38,40,38,./pilatus/InAs0799/InAs0799time4/InAs0799time4_1_145.tif,43.05834706731568,42.474114509334726,37.56886927543646,28.648576137365374,38.16296517859369,12.512825508537988,12817.0
355.0,0.00028,6.096035099122522,3.139259018524537,65.44247643808905,5.0503376251422445,8.486912210661908,-2.835591753200226,-0.9624157254186223,8.59624655142958,55.749782496711305,26,36,12,36,38,38,./pilatus/InAs0799/InAs0799time4/InAs0799time4_1_146.tif,43.23621218179395,42.50605621408975,37.64825951685111,28.583819805411167,38.31425021999068,12.510304593862434,12308.0
356.0,0.00028,6.172746097483275,3.1352341510035044,65.4486301369863,4.977854277030629,8.640552532935356,-2.8351880120210553,1.954691756670113,8.455754909325202,6.523717636785034,26,37,12,36,41,38,./pilatus/InAs0799/InAs0799time4/InAs0799time4_1_147.tif,43.219224566157024,42.33935375704923,37.643183701581826,28.673324301657956,38.15912208504801,12.517818180933178,12556.0
357.0,1.0,6.170000809913339,3.1004292540698146,65.53745849194136,5.097611564861247,9.422046773241359,-2.8249717665622307,4.8797915453291205,8.198209175441399,18.869342083488977,26,37,12,36,38,38,./pilatus/InAs0799/InAs0799time4/InAs0799time4_1_148.tif,42.978196663209985,42.581176040333325,37.58812937860159,28.597419304025937,38.32399885060474,12.507723145709727,12347.0
363.0,0.000283,6.154128440366972,3.1154295246038366,65.67339449541285,4.991064009050923,8.583303098019725,-2.8240507529619645,9.572205527244483,8.323868464896186,13.364234418927136,26,38,12,36,41,38,./pilatus/InAs0799/InAs0799time4/InAs0799time4_1_149.tif,43.125833468856726,42.63944959040531,37.64972746576178,28.70304114490161,38.25421641591262,12.512349128296826,11990.0
364.0,0.000283,6.189661482159195,3.1586459286367794,65.96669716376944,5.024920994626259,8.127150322696197,-2.8349925742551814,13.022913428365234,9.149185378111959,11.926791150629128,26,37,12,36,40,38,./pilatus/InAs0799/InAs0799time4/InAs0799time4_1_150.tif,43.14104326489586,42.51706059552775,37.647484937920936,28.712932168566066,38.340140192329976,12.5114491217948,10930.0
365.0,0.000282,6.149915233712763,3.1114071203681277,65.63566642447728,4.998032595489468,8.573969622202602,-2.8365716010132367,17.895724726935484,8.60306621778319,10.998475813290636,26,36,12,38,39,38,./pilatus/InAs0799/InAs0799time4/InAs0799time4_1_151.tif,43.01248375536565,42.52077008899614,37.61663114107861,28.608487903490463,38.326483485119745,12.513258444655726,12387.0
366.0,1.0,6.19429838974696,3.1090207032533685,65.72962536970095,5.04648096710658,8.084126815496115,-2.8324664530247152,21.32511967576488,8.251305135582,24.030034652764638,26,37,12,36,39,38,./pilatus/InAs0799/InAs0799time4/InAs0799time4_1_152.tif,43.1300051726196,42.7081890970589,37.65223776687028,28.690107033436345,38.30777158259123,12.513493346132357,12172.0
372.0,0.000283,6.203521408563425,3.126530612244898,65.83321328531413,5.053218105641571,8.424021475005636,-2.8327044493476166,2.075500439598889,8.369807709908383,25.130895591381133,26,37,12,36,40,38,./pilatus/InAs0799/InAs0799time4/InAs0799time4_1_153.tif,43.11180060118948,42.55127220601034,37.59958472427199,28.742275489272767,38.017969589924746,12.51502700021639,12495.0
373.0,0.000283,6.182190933003249,3.140182577750271,65.78051988240755,5.1522647081180395,8.496638701473437,-2.820791112199089,2.4635338999781253,8.60035421865131,5.545267105338348,26,37,12,36,40,38,./pilatus/InAs0799/InAs0799time4/InAs0799time4_1_154.tif,43.108070228128796,42.35814239960582,37.60322317733356,28.617549523845277,38.229243656072924,12.51258822104274,12926.0
374.0,0.000284,6.1936365707343,3.144050421444301,65.66094616143974,5.023372022327711,8.218820770272169,-2.8344877994197035,-0.5186647959471304,8.863318315103067,42.71113780641332,26,37,12,36,39,38,./pilatus/InAs0799/InAs0799time4/InAs0799time4_1_155.tif,43.076173311755184,42.47036518210801,37.58391976768526,28.690365847677896,38.40655492222974,12.513597374316083,13169.0
375.0,1.0,6.173747572815534,3.1067961165048543,65.87883495145631,5.0678274584762075,8.681316098735936,-2.830533761725219,-0.8595139362262474,8.285108319219827,20.62698247301781,26,37,12,36,41,38,./pilatus/InAs0799/InAs0799time4/InAs0799time4_1_156.tif,43.140098380867315,42.341275,37.588115870264915,28.67486507227597,38.30275,12.516483335101805,12875.0
381.0,0.000285,6.201926113040733,3.1351436690874643,65.83414903694349,5.066235022395796,8.937815313263235,-2.834829033962151,3.845696395505703,8.082328497893625,18.883664157504256,26,38,12,38,42,38,./pilatus/InAs0799/InAs0799time4/InAs0799time4_1_157.tif,42.93830664664104,42.52784771880351,37.65775125991173,28.70816892803503,38.32961526840568,12.514871334924885,12668.0
382.0,0.000285,6.20446370176586,3.1313767168083713,65.9090909090909,5.057261558282078,8.672722278129427,-2.842909330895263,4.186467540034469,8.895854650194563,23.43467642359318,26,36,12,36,39,38,./pilatus/InAs0799/InAs0799time4/InAs0799time4_1_158.tif,43.09637252447525,42.57969349659296,37.64080749193749,28.724875811998473,38.12218364096807,12.51378193996527,12232.0
383.0,0.000286,6.221624046657694,3.1467025572005385,66.24764468371467,4.936133973066474,8.334322127129486,-2.830940905406966,1.831828519459852,8.077038273150919,17.68747567287853,26,37,12,36,39,38,./pilatus/InAs0799/InAs0799time4/InAs0799time4_1_159.tif,43.12143063167003,42.45203877958369,37.64272886107838,28.62161811364292,38.115226689478185,12.515750409708396,11145.0
384.0,1.0,6.197537909669004,3.1232675688896134,65.89735855209523,5.034338855628848,8.530898225295159,-2.8342836013339903,7.63813947013652,8.977737718083151,27.781424532191792,26,35,12,36,38,38,./pilatus/InAs0799/InAs0799time4/InAs0799time4_1_160.tif,43.035898920006844,42.56927695118768,37.59514757570547,28.606519422775886,38.31088488645263,12.513616900718423,12266.0
390.0,0.000281,6.217186627303918,3.127423601691534,66.04180962259635,5.092305132659779,8.463134329463205,-2.84610081216102,4.580655191352312,8.882089414554772,33.1706067023486,26,37,12,36,40,38,./pilatus/InAs0799/InAs0799time4/InAs0799time4_1_161.tif,43.05838039014374,42.58120726604756,37.58295980920669,28.637435831622177,38.235687315032145,12.509461134562923,12533.0
391.0,0.000283,6.196772713368002,3.1420159070052005,65.99824105230958,4.9189905549448065,8.871930294542093,-2.8439908696874827,3.399622854758834,8.631549773216562,22.56947123891544,26,38,12,36,41,38,./pilatus/InAs0799/InAs0799time4/InAs0799time4_1_162.tif,43.0902392970418,42.36139710356578,37.6643159330377,28.68744523565637,38.39454788852379,12.512284572412522,13076.0
392.0,1.0,6.189758351640028,3.1049162942201347,66.04211802136201,5.03391800133697,8.563891075455999,-2.8243240069052162,7.242095102313849,8.224585122736658,34.754628577766816,26,37,12,38,38,38,./pilatus/InAs0799/InAs0799time4/InAs0799time4_1_163.tif,43.05398293987346,42.55599199765785,37.65482174113523,28.70613503689834,38.15838782082561,12.511894629867106,13201.0
399.0,0.000281,6.218921716970614,3.143107430118659,66.23453054073426,5.040547625100504,8.340998935137385,-2.831676891833824,7.2072046828603975,8.849799987746735,36.73150317561692,26,37,12,36,40,38,./pilatus/InAs0799/InAs0799time4/InAs0799time4_1_164.tif,43.02886376150901,42.521713793452925,37.566752474128506,28.615551087833424,38.20520421607378,12.51164773171321,12557.0
399.0,0.000279,6.271262166906015,3.139700015956598,66.0280836125738,5.130705188612339,8.845097586100087,-2.8350532734848732,5.588122994893193,7.578968796464363,25.605787878589965,26,36,12,36,40,38,./pilatus/InAs0799/InAs0799time4/InAs0799time4_1_165.tif,42.977622003969266,42.436891723629714,37.58625343766766,28.70725408376164,38.26717149899626,12.505845847490805,12534.0
400.0,0.000279,6.205156164810344,3.0963470675286238,66.1189344964561,5.0868350685956445,9.295379129527847,-2.8339525582374527,6.682828961318807,8.279222266363401,38.27693459391621,26,36,12,36,40,38,./pilatus/InAs0799/InAs0799time4/InAs0799time4_1_166.tif,43.0613420695888,42.65932987875434,37.56831833158401,28.73812572174524,38.27906625748352,12.512262325053216,12839.0
401.0,0.000279,6.226279602750191,3.1219251336898397,66.01466768525592,5.044700454173563,8.541728332052918,-2.8420581986180546,6.376746969874349,8.532358282142736,9.539834645818033,26,37,12,36,40,38,./pilatus/InAs0799/InAs0799time4/InAs0799time4_1_167.tif,42.992380555078405,42.385283609846816,37.63040716001722,28.652069887855514,38.21311114373807,12.51298875634741,13090.0
405.0,0.00028,6.256468204488778,3.130844763092269,66.31086346633417,4.990015955244347,8.50475716104342,-2.833645679896557,35.02710181262661,8.404472002313485,14.811222499043478,26,38,12,36,40,38,./pilatus/InAs0799/InAs0799time4/InAs0799time4_1_168.tif,43.09049238319445,42.48721841941506,37.58692374318517,28.59327628514131,38.087268201617924,12.517781739591328,12832.0
406.0,0.000281,6.234448265082839,3.115192247577368,66.20279774929665,5.012560507666995,8.525451603762653,-2.842393818447969,-0.9097250904827393,8.442505551265787,4.604549942311852,26,37,12,38,39,38,./pilatus/InAs0799/InAs0799time4/InAs0799time4_1_169.tif,43.07081077015644,42.48529928252471,37.61828926104699,28.632859506618534,38.30655762380212,12.514547336834562,12796.0
408.0,0.000281,6.227375831052014,3.1074696910441926,66.21345326554557,5.021276139559145,8.972114844744167,-2.8295167731917443,2.64834184858296,8.047194890100474,7.075682659517603,26,37,12,36,40,38,./pilatus/InAs0799/InAs0799time4/InAs0799time4_1_170.tif,43.02126430284989,42.582748118502856,37.579536205656204,28.68718992175038,38.354879307307,12.50429808904256,12785.0
408.0,0.000279,6.2363068545803975,3.1154708520179373,66.39405829596413,5.0149932562066475,9.379244362855783,-2.8285523766822553,4.670401591130172,8.570937821729384,18.674342682424903,26,37,12,36,39,38,./pilatus/InAs0799/InAs0799time4/InAs0799time4_1_171.tif,42.92205857805057,42.47175242893127,37.61525528596877,28.640236777565196,38.53405644373618,12.512066276779608,12488.0
409.0,1.0,6.261248067691807,3.1342445691969734,66.26149214872672,5.051060106466082,8.573085389814604,-2.825658132800757,3.6090398747474732,8.886642057648066,18.501736530431476,26,38,12,36,41,38,./pilatus/InAs0799/InAs0799time4/InAs0799time4_1_172.tif,42.98592720610211,42.58871323624847,37.58829719309447,28.59893187104487,38.16073514523791,12.503463814739323,12291.0
416.0,0.000279,6.276403425309229,3.110053916904535,66.34205518553759,5.033157672006658,8.516325243885284,-2.8274690919901055,4.243719349602503,8.880701041207413,13.002000035620936,26,38,12,36,40,38,./pilatus/InAs0799/InAs0799time4/InAs0799time4_1_173.tif,43.17972914929634,42.389684886804,37.616980157904926,28.554132241845423,38.20250356924332,12.507970541623939,12612.0
417.0,0.000278,6.282496194824962,3.109132420091324,66.26643835616439,5.11306513530508,8.313357667269537,-2.840589796651137,9.413595900415475,8.174654714922138,4.496663693492854,26,37,12,36,39,38,./pilatus/InAs0799/InAs0799time4/InAs0799time4_1_174.tif,43.01264657428045,42.527757379938315,37.592228917668976,28.698686888264366,38.241787829833065,12.51090048590798,13140.0
418.0,0.000277,6.2799810021372595,3.1402675532335946,66.34797751919575,5.021990813284998,9.47902729845004,-2.8433522525258703,1.8074434639851258,8.477159773203974,34.45989667226218,26,38,12,36,42,38,./pilatus/InAs0799/InAs0799time4/InAs0799time4_1_175.tif,43.05602823470095,42.5408988933982,37.572283320647024,28.620860906283482,38.14279952610219,12.503551768487212,12633.0
418.0,1.0,6.282430605265251,3.1174739521196213,66.32458442694663,5.005197865139383,8.829156243410198,-2.8390076361640446,0.890287208875648,8.53404337010286,25.129373583445055,26,37,12,36,38,38,./pilatus/InAs0799/InAs0799time4/InAs0799time4_1_176.tif,42.92919267239742,42.4332840085723,37.55444844039866,28.606806010963552,38.30472497193591,12.511234573971189,12573.0
425.0,0.000279,6.3115011789363376,3.138677844729718,66.77591476726923,5.088525968084343,9.38353358163177,-2.838305779128096,0.9705127317380315,8.237335990054442,40.095193124860955,26,36,12,36,38,38,./pilatus/InAs0799/InAs0799time4/InAs0799time4_1_177.tif,42.89333499370443,42.53189950196155,37.62058507737517,28.67693329459134,38.23240866976434,12.509084536605588,11451.0
426.0,0.000281,6.291805679876312,3.1450891040768165,66.58247212954674,5.06817280358641,8.700257291955191,-2.8361443422316177,10.953060718541142,8.321768365605722,28.24452598186272,26,37,12,36,39,38,./pilatus/InAs0799/InAs0799time4/InAs0799time4_1_178.tif,43.0206285566477,42.32543337645537,37.59111474496231,28.720124159337818,38.353971539456666,12.516540541069036,12289.0
426.0,0.000281,6.308238521746147,3.1262809650609213,66.80012910514,5.103198618195839,8.539768912590246,-2.8455790055012637,6.033550629053229,8.258271334702586,16.037787812401756,26,38,12,36,40,38,./pilatus/InAs0799/InAs0799time4/InAs0799time4_1_179.tif,42.92905932615314,42.62182531488747,37.56431085674527,28.64876307912712,38.35667458187074,12.507639028137811,12393.0
427.0,0.000281,6.266435185185185,3.1285493827160495,66.57793209876543,5.028389238270216,8.707099770614898,-2.834021445705197,-7.463957048957378,8.257711522165362,14.410779527017004,26,38,12,36,42,38,./pilatus/InAs0799/InAs0799time4/InAs0799time4_1_180.tif,42.98267518746999,42.51926207270754,37.533710378397174,28.646879194217675,38.32627139545208,12.50729211334531,12960.0
428.0,0.000281,6.26528,3.1188,66.67544,5.094942956450066,8.568087287392622,-2.8401286125833005,14.515418183311285,8.042849710996736,25.300267389725924,26,38,12,36,40,38,./pilatus/InAs0799/InAs0799time4/InAs0799time4_1_181.tif,42.934202461821336,42.587610619469025,37.5425649984462,28.688109709382502,38.34143901500577,12.508261512784918,12500.0
429.0,0.000281,6.316442605997932,3.125129265770424,66.59319067695489,5.11524839019845,8.623362277881043,-2.8281705954985203,2.6861369856834045,8.52122662124709,5.216759951885917,26,37,12,36,40,38,./pilatus/InAs0799/InAs0799time4/InAs0799time4_1_182.tif,42.965996675230464,42.42129511785369,37.564257241594326,28.60032240189411,38.17336964822074,12.50762414545663,12571.0
430.0,0.000279,6.297868931261016,3.14108315975004,66.6424451209742,5.0537811396863415,7.840641830871012,-2.834899610034348,0.9827113225874654,8.291783281862331,16.089908357396613,26,37,12,38,41,38,./pilatus/InAs0799/InAs0799time4/InAs0799time4_1_183.tif,42.919743035237246,42.4000816180784,37.54727462669701,28.596730695840225,38.25776009386079,12.508083973787945,12482.0
431.0,0.000302,6.286122215876642,3.1237660112588723,66.53781512605042,5.107994731450448,8.862623343384064,-2.832128860193571,4.759894806967855,8.26331657323653,59.368874210952995,26,37,12,36,40,38,./pilatus/InAs0799/InAs0799time4/InAs0799time4_1_184.tif,43.01680748614518,42.57689093188466,37.6935518678101,28.711144855870938,38.190712494776434,12.508125764817535,12257.0
434.0,0.000308,6.25577043044292,3.1351372426699937,66.51364628820961,5.140114836072728,8.96307316236279,-2.832824128749974,3.266517254456644,8.615946265720511,26.192651987471326,26,38,12,38,41,38,./pilatus/InAs0799/InAs0799time4/InAs0799time4_1_185.tif,43.092353909054644,42.3834348961572,37.610176664857306,28.631332269644993,38.12600422832981,12.509866103302457,12824.0
435.0,0.000312,6.223129359543437,3.1476696258719086,66.51926125554851,5.110016938367867,8.848803278345772,-2.8305439454123835,9.720041608607668,8.054716957442952,15.886329634186731,26,36,12,36,39,38,./pilatus/InAs0799/InAs0799time4/InAs0799time4_1_186.tif,42.99479053890538,42.43010752688172,37.60902018214815,28.603125676656774,38.35101105487145,12.507274129028952,12616.0
436.0,1.0,6.263011368030314,3.0992189312504834,66.54597478926611,4.9299717943782095,8.357638737899657,-2.825501820900844,1.684289061407328,8.38398354642921,2.3240996480440166,26,38,12,36,40,38,./pilatus/InAs0799/InAs0799time4/InAs0799time4_1_187.tif,42.960796177164234,42.59110190637788,37.58030391420861,28.643325471989332,38.3568968958978,12.516346196307754,12931.0
442.0,0.000325,6.278674854067167,3.1543476612842087,66.39716473353043,5.1080309876377195,9.230913487303031,-2.8324166897312923,4.796259569542659,8.086497128008045,19.725846496453194,26,37,12,36,39,38,./pilatus/InAs0799/InAs0799time4/InAs0799time4_1_188.tif,42.96505759339306,42.51765243096445,37.593908739560085,28.58579845934655,38.25710783724675,12.510650857172216,13191.0
443.0,0.000329,6.224325162891716,3.158160099286379,66.59494260006205,5.035134857209282,8.870811558873159,-2.835576469753733,3.087692821803083,8.257319156521714,25.268578545223022,26,37,12,36,39,38,./pilatus/InAs0799/InAs0799time4/InAs0799time4_1_189.tif,43.01053038233388,42.43848704408695,37.60233745116721,28.558733363242112,38.28618445290434,12.511309871852513,12892.0
444.0,0.000329,6.278012117493673,3.129764552496357,66.47718383311603,5.083925522212903,7.548030768167718,-2.839591977391553,3.3097284578868296,8.399212594969297,26.799177848134597,26,38,12,36,40,38,./pilatus/InAs0799/InAs0799time4/InAs0799time4_1_190.tif,43.01827532708682,42.41324217697077,37.60044231860784,28.659206684665094,38.3193658261658,12.505401501622066,13039.0
445.0,1.0,6.239599265830529,3.126338329764454,66.47155093300704,5.026449657910736,8.249658346427207,-2.8445006936211175,3.5157185362696226,8.900708106446118,21.36435938044351,26,38,12,38,40,38,./pilatus/InAs0799/InAs0799time4/InAs0799time4_1_191.tif,42.96812070254568,42.484711350293544,37.60369404796694,28.717130985794654,38.25819471624266,12.510378723903624,13076.0
451.0,0.000336,6.24865804793226,3.1289030014364556,66.3373402888032,5.0814450300014515,8.266321722370325,-2.8243150541189666,2.848722414880278,8.382490313452484,4.724723985644689,26,37,12,36,40,38,./pilatus/InAs0799/InAs0799time4/InAs0799time4_1_192.tif,42.9721358483261,42.56258154931619,37.59992090663336,28.653119744467702,38.03641327985309,12.508677476853224,13227.0
452.0,0.000338,6.247099404201944,3.131859517089997,66.48910316713703,5.028540404667822,7.710018107589356,-2.8287111105483227,3.7851085036690915,8.347204861926889,19.15928139761408,26,37,12,38,40,38,./pilatus/InAs0799/InAs0799time4/InAs0799time4_1_193.tif,43.067801927517316,42.465506883604505,37.63969886869425,28.65528059431784,38.3375719649562,12.504249913044504,12756.0
453.0,0.00034,6.246276677414402,3.140641793336404,66.51719637647781,4.986849947203228,8.49018793547454,-2.830173085475419,4.62109211442913,8.645186670840502,27.82173967739759,26,38,12,36,41,38,./pilatus/InAs0799/InAs0799time4/InAs0799time4_1_194.tif,43.07832702423676,42.41317526277194,37.6378337890226,28.600290054569587,38.23001711073087,12.511691920969747,13026.0
454.0,1.0,6.237630827783064,3.118537900412306,66.58658420551855,5.021316786111009,9.22867122747789,-2.836083253920307,0.16320885736095816,8.317516817942519,45.66758351904151,26,36,12,36,39,38,./pilatus/InAs0799/InAs0799time4/InAs0799time4_1_195.tif,43.09768778044719,42.31893417406118,37.612487645720954,28.623053553496295,37.9523785309298,12.505550197073077,12612.0
460.0,0.000344,6.217661691542289,3.157545605306799,66.58922056384743,5.018064709476297,8.990069405289411,-2.826453786585448,4.5657349654435695,7.748709620088815,5.60178316323655,26,36,12,36,38,38,./pilatus/InAs0799/InAs0799time4/InAs0799time4_1_196.tif,43.01066880042675,42.658350840336134,37.57590658800149,28.578155631126226,38.16861869747899,12.502054625647206,12060.0
461.0,0.000344,6.256703779206523,3.151638701583817,66.53951701427003,5.09777770230675,9.183592215914615,-2.8406009660104647,5.712522262930702,7.9842452571705484,23.940098883293974,26,37,12,36,41,38,./pilatus/InAs0799/InAs0799time4/InAs0799time4_1_197.tif,42.88779167397679,42.441213056025475,37.55581309027921,28.631958194440962,38.25977709224799,12.505528224404786,12754.0
462.0,0.000345,6.241364855801476,3.1500670690811536,66.68661971830986,5.087388231925092,9.01231400950466,-2.8289609999436385,-0.9358893757564799,8.412867485880595,21.049558771092865,26,37,12,36,40,38,./pilatus/InAs0799/InAs0799time4/InAs0799time4_1_198.tif,43.07152739532822,42.41888007664875,37.63560579202905,28.607734361357746,38.13099483685527,12.511899104644234,11928.0
463.0,1.0,6.22672319045376,3.1331449207096878,66.36779714240855,5.027900751411894,8.784521493500588,-2.841075250453131,2.1806376505491682,8.398596489425458,18.82313155436399,26,37,12,36,40,38,./pilatus/InAs0799/InAs0799time4/InAs0799time4_1_199.tif,43.01465025972061,42.544500125281886,37.59033254356258,28.657521811488223,38.17857679779504,12.50777685644428,12738.0
469.0,0.000348,6.228511203060348,3.1267077835896635,66.43891014130689,5.033850343257975,9.325570522549837,-2.8393580509871588,24.037525202231564,8.298823739947263,18.057175301623282,26,37,12,36,39,38,./pilatus/InAs0799/InAs0799time4/InAs0799time4_1_200.tif,43.01799927300986,42.38469413233458,37.56672965020634,28.654629548388716,38.362571785268415,12.507602677270462,12809.0
470.0,0.000348,6.224552745219,3.1263109191856877,66.29973781616286,5.087316841807788,8.878710576976985,-2.8387338501701933,0.8881821545375069,8.072464657806345,47.59240276104664,26,36,12,36,39,38,./pilatus/InAs0799/InAs0799time4/InAs0799time4_1_201.tif,43.06193012884044,42.61277194021015,37.56509435608153,28.64879831516353,38.25351487346455,12.504153993777441,12968.0
471.0,0.00035,6.246189917936694,3.115592028135991,66.28878468151622,5.03549613762814,7.954775496960475,-2.832930810919339,1.1364803614559122,8.589642855085437,26.96276299076364,26,38,12,36,41,38,./pilatus/InAs0799/InAs0799time4/InAs0799time4_1_202.tif,43.10952202202202,42.576861328516955,37.59231399550795,28.621971971971973,38.182671081677704,12.51521696839648,12795.0
472.0,1.0,6.211024367163473,3.139342323160634,66.34516205346581,5.094724123797965,8.579287859373395,-2.8376362503544614,7.082051551358372,7.955762405295875,27.474829158503923,26,37,12,38,39,38,./pilatus/InAs0799/InAs0799time4/InAs0799time4_1_203.tif,43.00622127421853,42.83627229339362,37.65438600870296,28.64093090576674,38.25915599095705,12.506070795639724,12681.0
478.0,0.00035,6.194986072423398,3.129062209842154,66.2766171463943,5.124709619352877,8.75103485702468,-2.8320908974624257,8.596549684634484,8.96270953000236,34.52202343506734,26,37,12,36,39,38,./pilatus/InAs0799/InAs0799time4/InAs0799time4_1_204.tif,42.98045313749001,42.27430761622156,37.53688887747371,28.69595573541167,38.11686449060336,12.504872402251333,12924.0
479.0,0.000352,6.176623376623376,3.1267217630853996,66.32451790633608,5.010884896938438,7.89355812110338,-2.8364919072162134,5.3709773432889385,8.260305009656413,27.188075351335417,26,37,12,36,41,38,./pilatus/InAs0799/InAs0799time4/InAs0799time4_1_205.tif,43.027474067844125,42.585676526117055,37.55482980538846,28.65973443433494,38.15166771554437,12.504393860818155,12705.0
480.0,0.000352,6.217387950320142,3.138008177119494,66.37877034637044,4.986872761015979,8.269486858888264,-2.8278546262560647,9.910439592445613,8.386928036013279,11.256553265545762,26,37,12,36,40,38,./pilatus/InAs0799/InAs0799time4/InAs0799time4_1_206.tif,42.98053253263189,42.2443827130144,37.533947805147896,28.681696362102336,38.184522346231375,12.502768260992855,12963.0
481.0,1.0,6.219076619208296,3.150193399720188,66.43560200806517,4.9752695205982524,8.774523574000273,-2.8195455424488323,0.9515936379589107,8.755662270657531,33.35292063493889,26,37,12,36,41,38,./pilatus/InAs0799/InAs0799time4/InAs0799time4_1_207.tif,43.18214058860894,42.62665238518209,37.65129778670786,28.7034062036841,38.1441036626783,12.511066460702203,12151.0
487.0,0.000356,6.187776793622675,3.151703035671149,66.56703438280054,5.0636791746185255,8.747325906882946,-2.8255991684275243,7.245085963515733,8.762870425762637,27.756349958275454,26,36,12,36,39,38,./pilatus/InAs0799/InAs0799time4/InAs0799time4_1_208.tif,43.06269682221586,42.4859865614062,37.53904095338552,28.645420711552976,38.3440382207915,12.499305669798813,12419.0
488.0,0.000356,6.179608535215787,3.1145515802984116,66.33378790309642,5.00523914681963,9.0388075850197,-2.8231346966906252,7.607038968782697,7.999398259467287,1.803210235336284,26,36,12,36,39,38,./pilatus/InAs0799/InAs0799time4/InAs0799time4_1_209.tif,43.07782176932563,42.47666512131046,37.56510750172025,28.660842474200038,38.130093236491014,12.509776676498367,12466.0
489.0,0.000356,6.239262845541153,3.140793378104014,66.37763548336717,5.018580002443524,9.16887217228914,-2.834610052631592,0.9483284194484868,8.766177875859539,27.362989764885377,26,38,12,36,39,38,./pilatus/InAs0799/InAs0799time4/InAs0799time4_1_210.tif,42.97028785982478,42.43691106635837,37.54082905114161,28.580200250312892,38.211605877526665,12.505078632333841,12806.0
